Word,Length
ABSTRACTS,9
ABUZZ,5
ABYSMALLY,9
AFFRIGHTS,9
ALBIZZIA,8
ALBIZZIAS,9
ALLEYWAY,8
ALLEYWAYS,9
AMETHYSTS,9
ANAGLYPHS,9
ANDROGYNY,9
ANGEKOK,7
ANGEKOKS,8
ANGSTROMS,9
ANNOYEDLY,9
ANONYMITY,9
ANTONYMY,8
ANYBODY,7
ANYWAY,6
ANYWAYS,7
APTRONYMS/PATRONYMS,9
AQUILEGIA,9
ARAUCARIA,9
ARCHDUCHY,9
ARHYTHMIC,9
ARMYWORMS,9
ARTLESSLY,9
ASHPLANTS,9
ASSCLOWNS,9
ASYMMETRY,9
AUBRIETIA,9
AUDACIOUS,9
AUDIOBOOK,9
AUDIOTAPE,9
AUDITORIA,9
AUTOROUTE,9
AWAYDAY,7
AWAYDAYS,8
AWKWARDLY,9
BABYGROWS,9
BABYISHLY,9
BACCHANTS,9
BACKBENCH,9
BACKBENDS,9
BACKCASTS,9
BACKCLOTH,9
BACKCOMBS,9
BACKCRAWL,9
BACKCROSS,9
BACKDOWNS,9
BACKDROPS/DROPBACKS,9
BACKFILLS,9
BACKFISTS,9
BACKFLIPS,9
BACKHANDS,9
BACKLANDS,9
BACKLIFTS,9
BACKLIGHT,9
BACKLINK,8
BACKLINKS,9
BACKLISTS,9
BACKPACK,8
BACKPACKS,9
BACKRESTS,9
BACKRONYM,9
BACKSHIFT,9
BACKSIGHT,9
BACKSLAPS,9
BACKSLASH,9
BACKSTABS,9
BACKSTAMP,9
BACKSTAYS,9
BACKSTOPS,9
BACKSTORY,9
BACKSWEPT,9
BACKSWING/SWINGBACK,9
BACKSWORD,9
BACKTRACK/TRACKBACK,9
BACKWARDS/DRAWBACKS,9
BACKWINDS,9
BACKYARDS,9
BACRONYMS,9
BAHAHAHA,8
BAKKIE,6
BAKKIES,7
BALLCOCKS,9
BALLGIRLS,9
BALLHAWKS,9
BALLPARKS,9
BALLYRAGS,9
BALMYARDS,9
BANDSHELL/HANDBELLS,9
BANDSTAND,9
BANDWIDTH,9
BANKROLLS,9
BANKRUPTS,9
BANKSTERS,9
BANTLINGS,9
BAPTISTRY,9
BARKCLOTH,9
BARMBRACK,9
BARNBRACK,9
BARNSTORM,9
BARNYARDS,9
BASHFULLY,9
BASHMENTS,9
BASTARDRY,9
BAYBERRY,8
BEAKLIKE,8
BEAUTEOUS,9
BEDAZZLE,8
BEDAZZLED,9
BEDAZZLES,9
BEDSKIRTS,9
BEDSTRAWS,9
BELLBIRDS,9
BELLWORTS,9
BELLYBAND,9
BELLYFULS,9
BELLYWASH,9
BENCHMARK,9
BENCHTOPS,9
BENCHWORK/WORKBENCH,9
BEZZIE,6
BEZZIES,7
BEZZY,5
BHIKKHU,7
BHIKKHUNI,9
BHIKKHUS,8
BHIKKU,6
BHIKKUS,7
BICYCLING,9
BICYCLIST,9
BILLFOLDS,9
BILLYCANS,9
BILLYCART,9
BILLYCOCK,9
BILLYFULS,9
BIMONTHLY,9
BIORHYTHM,9
BIPHENYLS,9
BIRCHBARK,9
BIRDBATHS,9
BIRDLINGS,9
BIRDWINGS,9
BIRTHDAYS,9
BIRTHMARK,9
BIRTHWORT,9
BITCHFEST,9
BIYEARLY,8
BIZZES,6
BIZZIES,7
BIZZO,5
BIZZOS,6
BIZZY,5
BLACKBALL,9
BLACKBIRD,9
BLACKBOYS,9
BLACKBUCK,9
BLACKBUTT,9
BLACKCAPS/CLAPBACKS,9
BLACKCOCK,9
BLACKDAMP,9
BLACKFISH,9
BLACKFLY,8
BLACKJACK,9
BLACKLEGS,9
BLACKLIST/STICKBALL,9
BLACKNESS,9
BLACKPOLL,9
BLACKTOPS,9
BLACKWORK,9
BLANCHING,9
BLANDNESS,9
BLANKNESS,9
BLASPHEMY,9
BLATANTLY,9
BLAZINGLY,9
BLENCHING,9
BLENDINGS,9
BLESSEDLY,9
BLESSINGS,9
BLIGHTERS,9
BLIGHTING,9
BLINDFISH,9
BLINDFOLD,9
BLINDNESS,9
BLINDWORM,9
BLIPVERTS,9
BLIZZARD,8
BLIZZARDS,9
BLOCKSHIP,9
BLOCKWORK,9
BLOGROLLS,9
BLONDNESS,9
BLOTCHING,9
BLOWBACKS,9
BLOWDARTS,9
BLOWDOWNS,9
BLOWHARDS,9
BLOWLAMPS,9
BLOWTORCH,9
BLUFFNESS,9
BLUNTNESS,9
BODYSHELL,9
BODYSURFS,9
BOKKEN,6
BOKKENS,7
BOLLWORMS,9
BOMBSHELL,9
BOMBSIGHT,9
BOOBOISIE,9
BOOKMAKER,9
BOOKMARK,8
BOOKMARKS,9
BOOKRACK,8
BOOKRACKS,9
BOOKWORK/WORKBOOK,8
BORSCHTS,8
BOWSPRITS,9
BOWSTRING,9
BOWSTRUNG,9
BOXTHORNS,9
BOYISHLY,8
BOYLYA,6
BOYLYAS,7
BRACINGLY,9
BRAGGARTS,9
BRAMBLING,9
BRANCHING,9
BRANCHLET,9
BRANDLING,9
BRASHNESS,9
BRASSARDS,9
BRATTLING,9
BRATWURST,9
BREAKNECK,9
BREKKIE,7
BREKKY,6
BRICKBATS,9
BRICKWORK,9
BRICKYARD,9
BRIGANDRY,9
BRIGHTENS,9
BRIGHTEST,9
BRIGHTISH,9
BRIGHTLY,8
BRINGDOWN,9
BRISKNESS,9
BRISLINGS,9
BRISTLING,9
BRITTLELY,9
BRITZSKAS,9
BROTHERLY,9
BROWNNESS,9
BROWNTOPS,9
BRUSHBACK,9
BRUSHLESS,9
BRUSHWORK,9
BRUTISHLY,9
BRUZZ,5
BRUZZES/BUZZERS,7
BRYOLOGY,8
BRYONY,6
BRYOPHYTE,9
BUCKBRUSH,9
BUCKJUMPS,9
BUCKLINGS,9
BUCKSKIN,8
BUCKSKINS,9
BUCKTHORN,9
BUCKYBALL,9
BUDSTICKS,9
BUKKAKE,7
BULGINGLY,9
BULLFIGHT,9
BULLFINCH,9
BULLFROGS,9
BULLHORNS,9
BULLISHLY,9
BULLRINGS,9
BULLSHITS,9
BULLSHOTS,9
BULLWHIPS,9
BULLYRAGS,9
BUNFIGHTS,9
BUOYANCY,8
BUOYANTLY,9
BURNINGLY,9
BUSHBUCKS,9
BUSHCHATS,9
BUSHCRAFT,9
BUSHWALKS,9
BUSHWHACK,9
BUSYBODY,8
BUTTERFLY,9
BUTTINSKY,9
BUZZ,4
BUZZARD,7
BUZZARDS,8
BUZZED,6
BUZZER,6
BUZZES,6
BUZZIER,7
BUZZIEST,8
BUZZING,7
BUZZKILL,8
BUZZKILLS,9
BUZZWORD,8
BUZZWORDS,9
BUZZY,5
BYPASSING,9
BYPLAY,6
BYSTANDER,9
BYSTREETS,9
BYWAY,5
BYWAYS,6
CABSTANDS,9
CADDISHLY,9
CAKEWALK,8
CAKEWALKS,9
CALLBACKS,9
CAMPCRAFT,9
CAMPDRAFT,9
CAMSHAFTS,9
CANDYTUFT,9
CARBONYLS,9
CARPENTRY,9
CARRYALLS,9
CARRYCOTS,9
CASHBACKS,9
CASTLINGS,9
CATACLYSM,9
CATALYSTS,9
CATCHFLY,8
CATCHMENT,9
CATCHWORD,9
CATFIGHTS,9
CATTISHLY,9
CENTRALLY,9
CENTRISMS,9
CENTRISTS,9
CHAFFINCH,9
CHAKALAKA,9
CHAKKA,6
CHAKKAS,7
CHAMPERTY,9
CHANDLERS,9
CHANDLERY,9
CHAPSTICK,9
CHARGRILL,9
CHARMLESS,9
CHARTLETS,9
CHECKLIST,9
CHECKPOST/CHECKSTOP,9
CHECKSUMS,9
CHEMISTRY,9
CHESTNUTS,9
CHIDINGLY,9
CHIHUAHUA,9
CHILDLESS,9
CHILDMIND,9
CHILLNESS,9
CHILLYBIN,9
CHIMBLEYS,9
CHINSTRAP,9
CHINTZILY,9
CHIPMUNKS,9
CHIPPINGS,9
CHIVVYING,9
CHLAMYSES,9
CHOPSOCKY,9
CHOPSTICK,9
CHORTLING,9
CHRISTENS,9
CHRYSALID,9
CHRYSALIS,9
CHRYSANTH,9
CHUCKLERS,9
CHUCKLING,9
CHUKKA,6
CHUKKAS,7
CHUMBLING,9
CHURCHING,9
CHURCHLY,8
CHURCHMAN,9
CHURCHMEN,9
CITYWARDS,9
CLAMANTLY,9
CLAMPDOWN,9
CLAMSHELL,9
CLANSHIPS,9
CLARSACHS,9
CLASSISTS,9
CLASSLESS,9
CLASSWORK/CROSSWALK,9
CLAWBACKS,9
CLAYEY,6
CLENCHING,9
CLEPSYDRA,9
CLERGYMAN,9
CLERGYMEN,9
CLERKDOMS,9
CLERKSHIP,9
CLICKWRAP,9
CLIFFTOPS,9
CLIFTYING,9
CLIMBDOWN,9
CLINCHERS,9
CLINCHING,9
CLINGFISH,9
CLIPPINGS,9
CLOCHARDS,9
CLOCKWORK,9
CLOWNFISH,9
CLOYINGLY,9
CLUTCHEST,9
CLUTCHING,9
CLYSTERS,8
COCKCROWS,9
COCKFIGHT,9
COCKLOFTS,9
COCKSCOMB,9
COCKSPURS,9
COLOCYNTH,9
COLTISHLY,9
COMPACTLY,9
COMPLEXLY,9
COMPLYING,9
CONDIGNLY,9
CONFLICTS,9
CONFRONTS,9
CONJUNCTS,9
CONSCRIPT,9
CONSTANCY,9
CONSTANTS,9
CONSTRICT,9
CONSTRUCT,9
CONTEMPTS,9
CONTRACTS,9
CONTRANYM,9
CONTRASTS,9
CONTRASTY,9
CONTRONYM,9
COOKBOOK,8
COOKBOOKS,9
COPYDESKS,9
COPYRIGHT,9
CORDGRASS,9
CORDYCEPS,9
CORKLIKE/ROCKLIKE,8
CORKSCREW,9
CORNBALLS,9
CORNBRASH,9
CORNSTALK,9
CORRECTLY,9
CORRUPTLY,9
COXCOMBRY,9
COYLY,5
COZZIE,6
COZZIES,7
CRABBEDLY,9
CRABGRASS,9
CRACKDOWN,9
CRACKLING,9
CRACKNELS,9
CRACKPOTS,9
CRACKSMAN,9
CRACKSMEN,9
CRADLINGS,9
CRAFTSMAN,9
CRAFTSMEN,9
CRAFTWORK,9
CRAMDOWNS,9
CRANBERRY,9
CRANKPINS,9
CRASSNESS,9
CRESCENTS,9
CRESTFISH,9
CRESTLESS,9
CRIBWORKS,9
CRINKLING,9
CRIPPLERS,9
CRIPPLING,9
CRISPNESS,9
CROMLECHS,9
CROOKBACK,9
CROOKNECK,9
CROPLANDS,9
CROPMARKS,9
CROSSBARS,9
CROSSBILL,9
CROSSBOWS,9
CROSSFLOW,9
CROSSINGS,9
CROSSNESS,9
CROSSTALK,9
CROSSWAYS,9
CROSSWIND,9
CROSSWORD,9
CROSSWORT,9
CROTCHETS,9
CROTCHETY,9
CROWBERRY,9
CROWDFUND,9
CRUMBLING,9
CRUMHORNS,9
CRUMPLING,9
CRUNCHERS,9
CRUNCHILY,9
CRUNCHING,9
CRUSTLESS,9
CRYBABY,7
CRYBULLY,8
CRYOGENY,8
CRYOSTATS,9
CRYPTIDS,8
CRYPTOGAM,9
CRYPTONYM,9
CRYSTALS,8
CUCKOLDRY,9
CUFFLINKS,9
CUNNINGLY,9
CURRENTLY,9
CURRISHLY,9
CURTSYING,9
CUTTINGLY,9
CUZZIES,7
CUZZY,5
CWTCHING,8
CYANOTYPE,9
CYBERCAST,9
CYBERLAWS,9
CYBERMALL,9
CYBERPETS,9
CYBERPORN,9
CYBERPUNK,9
CYBERSHOP,9
CYBERWARS,9
CYCLAMENS,9
CYCLEWAY,8
CYCLEWAYS,9
CYCLICALS,9
CYCLISING,9
CYCLISTS,8
CYCLIZING,9
CYCLOPSES,9
CYCLOTRON,9
CYLINDERS,9
CYLINDRIC,9
CYMBALIST,9
CYMBALOMS,9
CYNICALLY,9
CYNODONTS,9
CYPHERING,9
CYPRESSES,9
CYPRINIDS,9
CYSTOTOMY,9
CYTOGENY,8
CYTOLOGY,8
CYTOLYSIS,9
CYTOLYTIC,9
CYTOMETRY,9
CYTOPLASM,9
CYTOPLAST,9
DABCHICKS,9
DACHSHUND,9
DACTYLICS,9
DAMNINGLY,9
DAMSELFLY,9
DANDRUFFY,9
DANDYISMS,9
DASHINGLY,9
DASTARDLY,9
DAYDREAMY,9
DAYLIGHTS,9
DAYSPRING,9
DAZZLE,6
DAZZLED,7
DAZZLER,7
DAZZLERS,8
DAZZLES,7
DAZZLING,8
DECKHANDS,9
DECRYPTED,9
DECRYPTS,8
DEGROWTHS,9
DEKKO,5
DEKKOS,6
DEMYSTIFY,9
DENTISTRY,9
DEPTHLESS,9
DESCRYING,9
DESTRUCTS,9
DEXTRALLY,9
DIFFRACTS,9
DIHYBRIDS,9
DIKKOP,6
DIKKOPS,7
DILLYBAGS,9
DIOECIOUS,9
DIPHTHONG,9
DIPSTICKS,9
DIPTYCHS,8
DISFROCKS,9
DISHCLOTH,9
DISJUNCTS,9
DISTANTLY,9
DISTRACTS,9
DISTRICTS,9
DISTRUSTS,9
DITHYRAMB,9
DIZZIED,7
DIZZIER,7
DIZZIES,7
DIZZIEST,8
DIZZILY,7
DIZZINESS,9
DIZZY,5
DIZZYING,8
DOBSONFLY,9
DOCKHANDS,9
DOCKLANDS,9
DOCKYARDS,9
DOGFIGHTS,9
DOLTISHLY,9
DONNISHLY,9
DOORKNOCK,9
DOWNBURST,9
DOWNCASTS,9
DOWNDRIFT,9
DOWNFALLS,9
DOWNFOLDS,9
DOWNHILLS,9
DOWNLANDS,9
DOWNLIGHT,9
DOWNLINKS,9
DOWNPLAYS/PLAYDOWNS,9
DOWNRIGHT,9
DOWNSHIFT,9
DOWNSWING,9
DOWNTHREW,9
DOWNTHROW/THROWDOWN,9
DOWNTICKS,9
DOWNTOWNS,9
DOWNTREND,9
DOWNTURNS/TURNDOWNS,9
DOWNWARDS/DRAWDOWNS,9
DOWNWARPS,9
DOXX,4
DOXXED,6
DOXXES,6
DOXXING,7
DOYLEY,6
DOYLEYS,7
DRABBLING,9
DRAFTNIKS,9
DRAFTSMAN,9
DRAFTSMEN,9
DRAGGLING,9
DRAGONFLY,9
DRAGSTERS,9
DRAWCARDS,9
DRAWCORDS,9
DRENCHING,9
DRESSINGS,9
DRIBBLERS,9
DRIBBLING,9
DRIFTFISH,9
DRIFTWAYS,9
DRIPPINGS,9
DRIZZLE,7
DRIZZLED,8
DRIZZLES,8
DRIZZLIER,9
DRIZZLING,9
DRIZZLY,7
DROLLNESS,9
DROPLIGHT,9
DROPPINGS,9
DROPWORTS,9
DRUBBINGS,9
DRUGGISTS,9
DRUMSTICK,9
DRUNKARDS,9
DRUNKENLY,9
DRYASDUST,9
DRYBLOWN,8
DRYBLOWS,8
DRYDOWNS,8
DRYLANDS,8
DRYLY,5
DUCKBILLS,9
DUCKLINGS,9
DUCKWALK,8
DUCKWALKS,9
DUMBBELLS,9
DUMBSHOWS,9
DUMMKOPFS,9
DUMPLINGS,9
DUMPSTERS,9
DUNGHILLS,9
DUNGWORMS,9
DUSTBALLS,9
DUSTCARTS,9
DWELLINGS,9
DWINDLING,9
DYARCHY,7
DYESTUFFS,9
DYKEY,5
DYNAMISTS,9
DYNASTY,7
DYSCRASIC,9
DYSENTERY,9
DYSLECTIC,9
DYSLEXICS,9
DYSPEPTIC,9
DYSPHASIC,9
DYSPHORIC,9
DYSTHYMIA,9
DYSTHYMIC,9
DYSTROPHY,9
DYTISCIDS,9
EGGPLANTS,9
EGGSHELLS,9
EKKA,4
EKKAS,5
EMBEZZLE,8
EMBEZZLED,9
EMBEZZLER,9
EMBEZZLES,9
ENCRYPTED,9
ENCRYPTS,8
ENCYSTING,9
ENDLESSLY,9
ENDOLYMPH,9
ENJOYABLY,9
ENTRYISTS,9
ENTRYWAY,8
ENTRYWAYS,9
EPIGYNY,7
EPONYMY,7
EQUIPOISE,9
EQUIVOQUE,9
ERYTHRISM,9
ETHNARCHS,9
ETHNONYMS,9
ETYMOLOGY,9
EUDEMONIA,9
EURHYTHMY,9
EURYTHMY,8
EVERYBODY,9
EVERYDAY,8
EXECUTRIX,9
EXOTOXIN,8
EXOTOXINS,9
EXPRESSLY,9
EXXIER,6
EXXIEST,7
EXXY,4
FADDISHLY,9
FAKAKTA,7
FALLBACKS,9
FANCYWORK,9
FANLIGHTS,9
FARKAKTE,8
FARMHANDS,9
FARMLANDS,9
FARMYARDS,9
FARTHINGS,9
FASTBACKS,9
FASTBALLS,9
FAWNINGLY,9
FERNBIRDS,9
FERVENTLY,9
FEYLY,5
FEZZED,6
FEZZES,6
FIFTYFOLD,9
FIGHTBACK,9
FILMSTRIP,9
FIRSTBORN,9
FIRSTLING,9
FISHBOWLS,9
FITTINGLY,9
FIZZ,4
FIZZED,6
FIZZER,6
FIZZERS/FRIZZES,7
FIZZES,6
FIZZIER,7
FIZZIEST,8
FIZZILY,7
FIZZINESS,9
FIZZING,7
FIZZLE,6
FIZZLED,7
FIZZLES,7
FIZZLING,8
FIZZOG,6
FIZZOGS,7
FIZZY,5
FLACCIDLY,9
FLAGFALLS,9
FLAGRANCY,9
FLAGSHIPS,9
FLAGSTAFF,9
FLAGSTICK,9
FLAMINGLY,9
FLAPJACKS,9
FLAPSHELL,9
FLASHBACK,9
FLASHBULB,9
FLASHGUNS,9
FLASHINGS,9
FLATBILLS,9
FLATFORMS,9
FLATLANDS,9
FLATWORMS,9
FLEDGLING,9
FLENCHERS,9
FLENCHING,9
FLESHINGS,9
FLESHLESS,9
FLESHPOTS,9
FLETCHERS,9
FLETCHING,9
FLEXWINGS,9
FLIGHTILY,9
FLIGHTING,9
FLIMFLAMS,9
FLINCHERS,9
FLINCHING,9
FLINTLOCK,9
FLIPPANCY,9
FLOGGINGS,9
FLORISTRY,9
FLOWINGLY,9
FLUNKYISM,9
FLURRYING,9
FLUSHNESS,9
FLYAWAY,7
FLYAWAYS,8
FLYBLOWN,8
FLYBOARDS,9
FLYBRIDGE,9
FLYNESSES,9
FLYPAPERS,9
FLYSHEETS,9
FLYSPECK,8
FLYSPECKS,9
FLYWAY,6
FLYWAYS,7
FLYWEIGHT,9
FLYWHEELS,9
FOPPISHLY,9
FORKBALLS,9
FORKLIFTS,9
FORLORNLY,9
FORMWORKS,9
FORTHWITH,9
FORTNIGHT,9
FORTYFOLD,9
FORWARDLY/FROWARDLY,9
FRAGMENTS,9
FRAGRANCY,9
FRAKKING,8
FRANKINGS,9
FRANKLINS,9
FRANKNESS,9
FRATCHING,9
FRAZZLE,7
FRAZZLED,8
FRAZZLES,8
FRAZZLING,9
FRECKLING,9
FRESHNESS,9
FRETFULLY,9
FRIGHTENS,9
FRIGHTFUL,9
FRIGHTING,9
FRIKKADEL,9
FRIZZ,5
FRIZZANTE,9
FRIZZED,7
FRIZZIER,8
FRIZZIEST,9
FRIZZING,8
FRIZZLE,7
FRIZZLED,8
FRIZZLES,8
FRIZZLING,9
FRIZZLY,7
FRIZZY,6
FROGMARCH,9
FROGSPAWN,9
FRONTALLY,9
FRONTINGS,9
FRONTLASH,9
FRONTLESS,9
FRONTLETS,9
FRONTLIST,9
FRONTMOST,9
FRONTWARD,9
FROSTLESS,9
FROSTWORK,9
FROWSTERS,9
FROWSTING,9
FRYBREADS,9
FUCKTARDS,9
FUMBLINGS,9
FUNKSTERS,9
FURIKAKE,8
FUZZ,4
FUZZBALL,8
FUZZBALLS,9
FUZZBOX,7
FUZZBOXES,9
FUZZED,6
FUZZES,6
FUZZIER,7
FUZZIEST,8
FUZZILY,7
FUZZINESS,9
FUZZING,7
FUZZY,5
GALLANTLY,9
GALLANTRY,9
GALLBERRY,9
GALLINGLY,9
GANGBANGS,9
GANGPLANK,9
GANGPLOWS,9
GANGSTERS,9
GANZFELDS,9
GASLIGHTS,9
GEEKSPEAK,9
GHASTLILY,9
GIMCRACKS,9
GIMMICKRY,9
GINGLYMUS,9
GIPSYWORT,9
GIRLISHLY,9
GIZZARD,7
GIZZARDS,8
GLARINGLY,9
GLASSFISH,9
GLASSFULS,9
GLASSLESS,9
GLASSWORK,9
GLASSWORT,9
GLENGARRY,9
GLIMPSING,9
GLITCHING,9
GLOWINGLY,9
GLUNCHING,9
GLYCERYL,8
GLYCOLLIC,9
GNAWINGLY,9
GOLDBRICK,9
GOLDCREST,9
GOLDFINCH,9
GOLDSMITH,9
GOLFBALLS,9
GRABBLING,9
GRALLOCHS,9
GRANDADDY,9
GRANDBABY,9
GRANDDADS,9
GRANDEZZA,9
GRANDKIDS,9
GRANDMOMS,9
GRANDMUMS,9
GRANDNESS,9
GRANDPOPS,9
GRANDSONS,9
GRANTSMAN,9
GRANTSMEN,9
GRAPPLERS,9
GRAPPLING,9
GRASSBIRD,9
GRASSLAND,9
GRASSLESS,9
GRASSVELD,9
GRATINGLY,9
GRAYLINGS,9
GREYLY,6
GRIDDLING,9
GRIDLOCKS,9
GRILLINGS,9
GRILLWORK,9
GRINDINGS,9
GRISTMILL,9
GRIZZLE,7
GRIZZLED,8
GRIZZLER,8
GRIZZLERS,9
GRIZZLES,8
GRIZZLIER,9
GRIZZLIES,9
GRIZZLING,9
GRIZZLY,7
GROKKED,7
GROKKING,8
GROMWELLS,9
GROPINGLY,9
GROSSNESS,9
GROWINGLY,9
GRUFFNESS,9
GRUMBLERS,9
GRUMBLING,9
GRYPHONS,8
GRYSBOKS,8
GUNFIGHTS,9
GUNFLINTS,9
GUNNYSACK,9
GUNSIGHTS,9
GUNSMITHS,9
GUNSTOCKS,9
GUSHINGLY,9
GUTLESSLY,9
GUZZLE,6
GUZZLED,7
GUZZLER,7
GUZZLERS,8
GUZZLES,7
GUZZLING,8
GYMKHANAS,9
GYMNASTIC/NYSTAGMIC,9
GYMNASTS/SYNTAGMS,8
GYMSLIPS,8
GYNARCHY,8
GYPSY,5
GYPSYISH,8
GYPSYWORT,9
GYRATORY,8
GYRFALCON,9
GYRONNY,7
HACKBERRY,9
HACKFESTS,9
HAGGARDLY,9
HAJJ,4
HAJJES,6
HAJJI,5
HAJJIS,6
HALFLINGS,9
HALFPENNY,9
HALLMARKS,9
HALLSTAND,9
HALTINGLY,9
HAMSTRING,9
HAMSTRUNG,9
HANDBALLS,9
HANDBILLS,9
HANDBLOWN,9
HANDCARTS,9
HANDCLAPS/HANDCLASP,9
HANDCRAFT,9
HANDCUFFS,9
HANDCYCLE,9
HANDFASTS,9
HANDGLASS,9
HANDGRIPS,9
HANDHELDS,9
HANDHOLDS,9
HANDLISTS,9
HANDPRINT,9
HANDROLLS,9
HANDSELLS,9
HANDSPANS,9
HANDSTAND,9
HANUKKIAH,9
HANUKKIOT,9
HAPLESSLY,9
HARDBACKS,9
HARDSHIPS,9
HARMFULLY,9
HARRUMPHS,9
HARSHNESS,9
HARTSHORN,9
HASHISH,7
HATCHBACK,9
HATCHLING,9
HATCHMENT,9
HATCHWAYS,9
HATSTANDS,9
HAWKISHLY,9
HAWKLIKE,8
HAWKMOTHS,9
HAWKSBILL,9
HAWKSHAWS,9
HAWTHORNS,9
HAYSTACKS,9
HAZZAN,6
HAZZANIM,8
HELLISHLY,9
HELMINTHS,9
HELPFULLY,9
HEMSTITCH,9
HEPTARCHY,9
HEYDAY,6
HEYDAYS,7
HIGHBALLS,9
HIGHBROWS,9
HIGHJACKS,9
HIGHLANDS,9
HIGHLIGHT,9
HILLBILLY,9
HILLSTARS,9
HINDLIMBS,9
HINDMILKS,9
HINDSIGHT,9
HINDWINGS,9
HITCHHIKE,9
HOBBYISTS,9
HOGGISHLY,9
HOKKIE,6
HOKKIES,7
HOKKU,5
HOLDBACKS,9
HOLDFASTS,9
HOLLYHOCK,9
HOMONYMY,8
HOOKLIKE,8
HOPSCOTCH,9
HORNBILLS,9
HORNWORMS,9
HORNWORTS,9
HOWLINGLY,9
HUCKABACK,9
HUCKSTERS,9
HUMPBACKS,9
HUNCHBACK,9
HUNDREDTH,9
HURTFULLY,9
HUSBANDLY,9
HUSBANDRY,9
HUZZA,5
HUZZAED,7
HUZZAH,6
HUZZAHED,8
HUZZAHING,9
HUZZAHS,7
HUZZAING,8
HUZZAS,6
HYACINTHS,9
HYBRIDISM,9
HYBRIDITY,9
HYDRANTS,8
HYDRATING,9
HYDRATORS,9
HYDROGELS,9
HYDROLOGY,9
HYDROLYSE,9
HYDROMELS,9
HYDROXYL,8
HYMNARY,7
HYMNODIST,9
HYMNODY,7
HYMNOLOGY,9
HYPERGAMY,9
HYPERLINK,9
HYPERNYM,8
HYPERNYMS,9
HYPERTEXT,9
HYPETHRAL,9
HYPHY,5
HYPNOTICS,9
HYPNOTISM,9
HYPNOTIST,9
HYPOBLAST,9
HYPOCOTYL,9
HYPOCRISY,9
HYPOGYNY,8
HYPONYM,7
HYPONYMS/SYMPHONY,8
HYPONYMY,8
HYPOSPRAY,9
HYPOSTYLE,9
HYPOTHECS,9
HYSTERICS,9
IDEOLOGUE,9
IDYLLISTS,9
INCHWORMS,9
INGROWTHS,9
INKSTANDS,9
INSTANTLY,9
INSTINCTS,9
INSTRUCTS,9
INTHRALLS,9
INUKSHUK,8
INUKSHUKS,9
INUKSUK,7
IONOPAUSE,9
IZZAT,5
JACKKNIFE,9
JACKSTAFF,9
JACKSTAYS,9
JACKSTRAW,9
JARRINGLY,9
JAZZ,4
JAZZBO,6
JAZZBOS,7
JAZZED,6
JAZZER,6
JAZZERS,7
JAZZES,6
JAZZIER,7
JAZZIEST,8
JAZZILY,7
JAZZINESS,9
JAZZING,7
JAZZMAN,7
JAZZMEN,7
JAZZY,5
JEJUNA,6
JEJUNAL,7
JEJUNE,6
JEJUNELY,8
JEJUNUM,7
JELLYFISH,9
JERRYCANS,9
JESTINGLY,9
JIUJITSU,8
JIZZ,4
JIZZED,6
JIZZES,6
JIZZING,7
JIZZUM,6
JJIGAE,6
JJIGAES,7
JOBSWORTH,9
JOCKSTRAP,9
JOJOBA,6
JOJOBAS,7
JOYFULLY,8
JOYLESSLY,9
JOYOUSLY,8
JOYSTICKS,9
JUDGMENTS,9
JUJU,4
JUJUBE,6
JUJUBES,7
JUJUS,5
JUKSKEI,7
JUNGLISTS,9
JUNKBALLS,9
JUNKYARDS,9
KABAKA,6
KABAKAS,7
KABUKI,6
KAHIKATEA,9
KAIKAI,6
KAISEKI,7
KAITIAKI,8
KAKA,4
KAKAPO,6
KAKAPOS,7
KAKAS,5
KAKEMONO,8
KAKEMONOS,9
KAKI,4
KAKIS,5
KAKURO,6
KALAMKARI,9
KAMIKAZE,8
KAMIKAZES,9
KANAKA,6
KANAKAS,7
KANUKA,6
KANUKAS,7
KAPOK,5
KAPOKS,6
KARAKA,6
KARAKAS,7
KARAKIA,7
KARAKIAS,8
KARAKUL,7
KARAKULS,8
KARAOKE,7
KARATEKA,8
KARATEKAS,9
KAREZZA,7
KARK,4
KARKED,6
KARKING,7
KARKS,5
KARYOTYPE,9
KATAKANA,8
KAYAK/YAKKA,5
KAYAKED,7
KAYAKEET,8
KAYAKEETS,9
KAYAKER,7
KAYAKERS,8
KAYAKING,8
KAYAKS,6
KAZACHOK,8
KAZACHOKS,9
KEAKI,5
KEAKIS,6
KECK,4
KECKED,6
KECKING,7
KECKS,5
KEEK,4
KEEKED,6
KEEKING,7
KEEKS,5
KEELBACK,8
KEELBACKS,9
KEEPSAKE,8
KEEPSAKES,9
KENKEY,6
KEYSTROKE,9
KEYWAY,6
KEYWAYS,7
KHAKI,5
KHAKIS,6
KIBITKA,7
KIBITKAS,8
KICK,4
KICKABLE,8
KICKBACK,8
KICKBACKS,9
KICKBALL,8
KICKED,6
KICKER,6
KICKERS,7
KICKFLIP,8
KICKFLIPS,9
KICKIER,7
KICKIEST,8
KICKING,7
KICKINGS,8
KICKOUT,7
KICKOUTS,8
KICKS,5
KICKSHAW,8
KICKSHAWS,9
KICKSTAND,9
KICKY,5
KIDDINGLY,9
KIDSKIN,7
KIDSTAKES,9
KIEKIE,6
KIEKIES,7
KIKAY,5
KIKAYS,6
KIKE,4
KIKES,5
KIKOI,5
KIKOIS,6
KIKUYU,6
KIKUYUS,7
KILDERKIN,9
KILIKITI,8
KILLICK,7
KILLICKS,8
KILLINGLY,9
KINFOLK,7
KINGBIRDS,9
KINGBOLTS,9
KINGCRAFT,9
KINGKLIP,8
KINGKLIPS,9
KINGLIKE,8
KINGMAKER,9
KINGSHIPS,9
KINGSNAKE,9
KINK,4
KINKAJOU,8
KINKAJOUS,9
KINKED/NEKKID,6
KINKIER,7
KINKIEST,8
KINKILY,7
KINKINESS,9
KINKING,7
KINKS/SKINK,5
KINKSTER,8
KINKSTERS,9
KINKY,5
KINSFOLK,8
KIOSK,5
KIOSKS,6
KIRK,4
KIRKMAN,7
KIRKMEN,7
KIRKS,5
KIRKYARD,8
KIRKYARDS,9
KISHKE,6
KISHKES,7
KISKADEE,8
KISKADEES,9
KITKE,5
KITKES,6
KITSCHEST,9
KITTIWAKE,9
KLATSCHES,9
KLEFTIKO,8
KLEFTIKOS,9
KLICK,5
KLICKS,6
KLIK,4
KLIKS,5
KLYSTRON,8
KLYSTRONS,9
KNACK,5
KNACKER,7
KNACKERED,9
KNACKERS,8
KNACKS,6
KNAPSACK,8
KNAPSACKS,9
KNAVISHLY,9
KNICKERED,9
KNICKERS,8
KNICKS,6
KNIGHTING,9
KNIGHTLY,8
KNOBLIKE,8
KNOBSTICK,9
KNOCK,5
KNOCKED,7
KNOCKER,7
KNOCKERS,8
KNOCKING,8
KNOCKOUT,8
KNOCKOUTS,9
KNOCKS,6
KNOTGRASS,9
KNOTWORK,8
KNOWINGLY,9
KNUCKLE,7
KNUCKLED,8
KNUCKLER,8
KNUCKLERS,9
KNUCKLES,8
KNUCKLING,9
KNUCKLY,7
KOKAKO,6
KOKAKOS,7
KOKANEE,7
KOKANEES,8
KOKOWAI,7
KOLINSKY,8
KOLKHOZ,7
KOLKHOZES,9
KOLKHOZY,8
KOMATIK,7
KOMATIKS,8
KONAKI,6
KONAKIS,7
KONEKE,6
KONEKES,7
KOOK,4
KOOKIER,7
KOOKIEST,8
KOOKILY,7
KOOKINESS,9
KOOKS,5
KOOKY,5
KOPECK,6
KOPECKS,7
KOPEK,5
KOPEKS,6
KOPIYKA,7
KOPIYKAS,8
KRAKEN,6
KRAKENS,7
KRANSKIES,9
KRANSKY,7
KROMESKI,8
KROMESKY,8
KRUMMHOLZ,9
KRUMMHORN,9
KRYTRONS,8
KUKRI,5
KUKRIS,6
KUKU,4
KUKUS,5
KULAK,5
KULAKS,6
KUMKUM,6
KVETCHING,9
KYBOSHING,9
KYLIKES,7
KYMOGRAPH,9
LABYRINTH,9
LACHRYMAL,9
LACKLANDS,9
LACRYMALS,9
LADYBIRDS,9
LADYBOY,7
LADYBOYS,8
LADYFY,6
LADYFYING,9
LADYSHIPS,9
LAGGARDLY,9
LALLYGAGS,9
LAMBENTLY,9
LAMPBLACK,9
LAMPLIGHT,9
LANDFALLS,9
LANDFILLS,9
LANDFORMS,9
LANDLORDS,9
LANDMARKS,9
LANDSLIPS,9
LANDWARDS,9
LANTHORNS,9
LARKSPURS,9
LASTINGLY,9
LATCHKEYS,9
LATHYRISM,9
LAWLESSLY,9
LAWYERLY,8
LAYAWAY,7
LAYAWAYS,8
LAYSHAFTS,9
LEFTWARDS,9
LEKKED,6
LEKKER,6
LEKKING,7
LENGTHENS,9
LENGTHILY,9
LENGTHMAN,9
LENGTHMEN,9
LEUKAEMIA,9
LEZZED,6
LEZZER,6
LEZZERS,7
LEZZES,6
LEZZIES,7
LEZZING,7
LEZZO,5
LEZZOS,6
LEZZY,5
LIGHTFAST,9
LIGHTLESS,9
LIGHTNESS/NIGHTLESS,9
LIGHTNING,9
LIGHTSHIP,9
LIKKEWAAN,9
LIKKLE,6
LIMPINGLY,9
LINCHPINS,9
LINKSLAND,9
LINKSPANS,9
LINKWORK,8
LINSTOCKS,9
LIPSTICKS,9
LISPINGLY,9
LISTSERVS,9
LOBBYISTS,9
LOCKDOWNS,9
LOCKSMITH,9
LOLLYGAGS,9
LONGHORNS,9
LONGINGLY,9
LONGLISTS,9
LONGNECKS,9
LONGSHIPS/SPLOSHING,9
LONGSPURS,9
LONGSTOPS,9
LOOKALIKE,9
LOOKBOOK,8
LOOKBOOKS,9
LORDLINGS,9
LORDSHIPS,9
LOWLIGHTS,9
LOYALLY,7
LOYALTY,7
LUMPISHLY,9
LUNGWORMS,9
LUNGWORTS,9
LUSTFULLY,9
LUVVYDOMS,9
LYCHGATES,9
LYCHNISES,9
LYCOPSIDS,9
LYINGLY,7
LYMPHATIC,9
LYMPHOMAS,9
LYNCHERS,8
LYNCHETS,8
LYNCHING,8
LYNCHINGS,9
LYNCHPIN,8
LYNCHPINS,9
LYREBIRDS,9
LYRICALLY,9
LYRICISTS,9
LYSOZYME,8
LYTICALLY,9
MAHLSTICK,9
MALTSTERS,9
MANDRILLS,9
MANNISHLY,9
MANTLINGS,9
MARBLINGS,9
MARKDOWNS,9
MARKKA,6
MARKKAS,7
MARSHBIRD,9
MARSHLAND,9
MARSHWORT,9
MARTYRDOM,9
MARTYRING,9
MARTYRY,7
MATCHLESS,9
MATCHLOCK,9
MAWKISHLY,9
MAXIXE,6
MAXIXES,7
MAYFLY,6
MAYORALTY,9
MAZZARD,7
MAZZARDS,8
MEDDLINGS,9
MEIOFAUNA,9
MELTDOWNS,9
MELTINGLY,9
MERCHANTS,9
MERONYMY,8
MESHWORKS,9
MESOPHYLL,9
METONYMY,8
MEZUZA,6
MEZUZAH,7
MEZUZAHS,8
MEZUZAS,7
MEZUZOT,7
MEZUZOTH,8
MEZZALUNA,9
MEZZANINE,9
MEZZE,5
MEZZES,6
MEZZO,5
MEZZOS,6
MEZZOTINT,9
MIDDLINGS,9
MIDNIGHTS,9
MILKSHAKE,9
MILKWORTS,9
MILLHANDS,9
MILLPONDS,9
MINCINGLY,9
MINDFUCKS,9
MINDFULLY,9
MINSTRELS,9
MIRNYONGS,9
MIRRNYONG,9
MIRTHLESS,9
MISCLICKS,9
MISKICK,7
MISKICKED,9
MISKICKS,8
MISOGYNY,8
MISPRINTS,9
MISSPELLS,9
MISSPENDS,9
MISTRUSTS,9
MISTYPING,9
MIZZEN,6
MIZZENS,7
MIZZLE,6
MIZZLED,7
MIZZLES,7
MIZZLING,8
MIZZLY,6
MOCKINGLY,9
MOKOMOKAI,9
MOLLYMAWK,9
MONKISHLY,9
MONKLIKE,8
MONOGYNY,8
MORDANTLY,9
MOSSBACKS,9
MOTHBALLS,9
MOZZETTA,8
MOZZETTE,8
MOZZIE,6
MOZZIES,7
MOZZLE,6
MUAHAHAHA,9
MUCKAMUCK,9
MUCKRAKE,8
MUCKRAKED,9
MUCKRAKER,9
MUCKRAKES,9
MUEZZIN,7
MUEZZINS,8
MUKLUK,6
MUKLUKS,7
MUKTUK,6
MULLYGRUB,9
MULTIGYMS,9
MUNCHKINS,9
MUTCHKINS,9
MUZZ,4
MUZZIER,7
MUZZIEST,8
MUZZILY,7
MUZZINESS,9
MUZZLE,6
MUZZLED,7
MUZZLES,7
MUZZLING,8
MUZZY,5
MWAHAHAHA,9
MYCOLOGY,8
MYOCYTE,7
MYOCYTES,8
MYOLOGY,7
MYOMORPHS,9
MYOPATHY,8
MYRMIDONS,9
MYRRHY,6
MYSTAGOGY,9
MYSTERY,7
MYSTICISM,9
MYSTIFY,7
MYTHICISM,9
MYTHICIST,9
MYTHIFY,7
MYTHOLOGY,9
NAGGINGLY,9
NASTYGRAM,9
NAYSAY,6
NAYSAYER,8
NAYSAYERS,9
NAYSAYING,9
NAYSAYS,7
NECKBANDS,9
NECKCLOTH,9
NERDGASMS,9
NESTLINGS,9
NEWSCASTS,9
NEWSFLASH,9
NEWSHAWKS,9
NEWSPRINT,9
NICKNACK,8
NICKNACKS,9
NIGGARDLY,9
NIGHTBIRD,9
NIGHTCAPS,9
NIGHTCLUB,9
NIGHTFALL,9
NIGHTGOWN,9
NIGHTHAWK,9
NIGHTJARS,9
NIGHTSPOT,9
NINHYDRIN,9
NONDRYING,9
NONSTRUCK,9
NORTHERLY,9
NORTHINGS,9
NORTHLAND,9
NORTHWARD,9
NOTCHBACK,9
NOZZLE,6
NOZZLES,7
NUMBINGLY,9
NUMBSKULL,9
NUMSKULLS,9
NURSLINGS,9
NUTSHELLS,9
NUZZLE,6
NUZZLED,7
NUZZLES,7
NUZZLING,8
NYMPHALID,9
NYMPHETS,8
NYMPHETTE,9
NYMPHLIKE,9
NYSTAGMUS,9
OBSTRUCTS,9
OCEANARIA,9
ODYSSEY,7
ODYSSEYS,8
OFFPRINTS,9
OFFSPRING,9
OLEACEOUS,9
OLIGAEMIA,9
OLLYCROCK,9
ONIOMANIA,9
OZONIZE,7
OZONIZED,8
OZONIZER,8
OZONIZERS,9
OZONIZES,8
OZONIZING,9
PACHYDERM,9
PACKCLOTH,9
PACKSACK,8
PACKSACKS,9
PADDLINGS,9
PALAZZI,7
PALAZZO,7
PALAZZOS,8
PALMISTRY,9
PAMPHLETS,9
PANTINGLY,9
PANTRYMAN,9
PANTRYMEN,9
PAPARAZZI,9
PAPARAZZO,9
PAPPYSHOW,9
PAPSAKKE,8
PARCHMENT,9
PARKLANDS,9
PARONYMY,8
PAROXYSMS,9
PASSBANDS,9
PASSINGLY,9
PASSPORTS,9
PASSWORDS,9
PATCHWORK,9
PATTYPANS,9
PAWNSHOPS,9
PAYDAY,6
PAYDAYS,7
PAZAZZ,6
PENCHANTS,9
PENLIGHTS,9
PENNYWORT,9
PENSTOCKS,9
PERFECTLY,9
PERIGYNY,8
PERILYMPH,9
PETTISHLY,9
PHALLISMS,9
PHANTASMS,9
PHANTASTS,9
PHARYNGAL,9
PHARYNGES,9
PHILOGYNY,9
PHILTRUMS,9
PHIZZES,7
PHOSPHORS,9
PHRASALLY,9
PHYCOLOGY,9
PHYLLODES,9
PHYLLOPOD,9
PHYLOGENY,9
PHYSICALS,9
PHYSICIST,9
PHYSICKED,9
PHYTOLITH,9
PIAZZA,6
PIAZZAS,7
PICKABACK,9
PICKLOCK,8
PICKLOCKS,9
PIGGISHLY,9
PIGGYBACK,9
PIKKIE,6
PIKKIES,7
PIKOPIKO,8
PILCHARDS,9
PILLWORTS,9
PINCHBECK,9
PINGBACKS,9
PINGWINGS,9
PINPRICKS,9
PITCHFORK,9
PITYINGLY,9
PIZAZZ,6
PIZZA,5
PIZZAS,6
PIZZAZZ,7
PIZZERIA,8
PIZZERIAS,9
PIZZICATI,9
PIZZICATO,9
PIZZLE,6
PIZZLES,7
PLANCHETS,9
PLANFORMS,9
PLANGENCY,9
PLANTLETS,9
PLANTSMAN,9
PLANTSMEN,9
PLASTICKY,9
PLASTRONS,9
PLATFORMS,9
PLATYSMAS,9
PLAYBACKS,9
PLAYBILLS,9
PLAYBOY,7
PLAYBOYS,8
PLAYFULLY,9
PLAYLISTS,9
PLAYTHING,9
PLAZZIE,7
PLAZZY,6
PLECTRUMS,9
PLIGHTING,9
PLIMSOLLS,9
PLUCKLESS,9
PLUMBLESS,9
PLUMPNESS,9
PLUSHNESS,9
POCKMARK,8
POCKMARKS,9
PODZOLIZE,9
POKERWORK,9
POLLSTERS,9
POLLYWOGS,9
POLYAMORY,9
POLYANDRY,9
POLYCREST,9
POLYGAMY,8
POLYGENY/POLYGYNE,8
POLYGLOTS,9
POLYGRAPH,9
POLYGYNY,8
POLYMATHS,9
POLYMATHY,9
POLYMORPH,9
POLYMYXIN,9
POLYNYA,7
POLYNYAS,8
POLYPARY,8
POLYPHONY,9
POLYPILLS,9
POLYPODY,8
POLYPTYCH,9
POLYSEMY,8
POLYTYPE,8
POLYTYPES,9
POLYTYPIC,9
POLYVINYL,9
POMPHOLYX,9
PONDOKKIE,9
POPPYCOCK,9
POPSTRELS,9
PORCHLESS,9
PORKLINGS,9
PORPHYRIN,9
PORPHYRY,8
POSTCARDS,9
POSTGRADS,9
POSTMARKS,9
POTSHERDS,9
POWWOW,6
POWWOWED,8
POWWOWING,9
POWWOWS,7
POZZIES,7
POZZOLANA,9
POZZY,5
PRANKSTER,9
PRATFALLS,9
PRATTLERS,9
PRATTLING,9
PRAWNINGS,9
PRECINCTS,9
PREDRINKS,9
PREFLIGHT,9
PREGNANCY,9
PREPRINTS,9
PRESBYTER,9
PRESCINDS,9
PRESCRIPT,9
PRESENTLY,9
PRESSINGS,9
PRESSMARK,9
PRESSWORK,9
PRETTYING,9
PRETTYISH,9
PREZZIE,7
PREZZIES,8
PRICKLING,9
PRINTINGS/SPRINTING,9
PRINTLESS/SPLINTERS,9
PROBINGLY,9
PROMPTERS,9
PROMPTEST,9
PROMPTING,9
PROMPTLY,8
PRONGHORN,9
PROPSHAFT,9
PROPYLONS,9
PROSPECTS,9
PROSTYLES,9
PROTANDRY,9
PROTOGYNY,9
PROTRACTS,9
PRUDENTLY,9
PRUDISHLY,9
PRYINGLY,8
PRYTANY,7
PSALMISTS/SAMPLISTS,9
PSYCHICAL,9
PSYCHICS,8
PSYCHING,8
PSYCHISM,8
PSYCHOSES,9
PSYCHOSIS,9
PSYCHOTIC,9
PSYLLIDS,8
PSYLLIUMS,9
PUCKISHLY,9
PUCKLIKE,8
PUFFBACKS,9
PUFFBALLS,9
PUFFBIRDS,9
PUKEKO,6
PUKEKOS,7
PUKKA,5
PUKKAH,6
PULLBACKS,9
PUNCHBAGS,9
PUNCHBALL,9
PUNCHBOWL,9
PUNCHCARD,9
PUNGENTLY,9
PUNNINGLY,9
PUSHBACKS,9
PUSHCARTS,9
PUSHFULLY,9
PUSSYCATS,9
PUTSCHIST,9
PUZZLE,6
PUZZLED,7
PUZZLER,7
PUZZLERS,8
PUZZLES,7
PUZZLING,8
PYGMY,5
PYGOSTYLE,9
PYRETHRIN,9
PYRETHRUM,9
PYROCLAST,9
PYROLYSE,8
PYROLYSED,9
PYROLYSES,9
PYROLYSIS,9
PYROLYTIC,9
PYROMETRY,9
PYROXYLIN,9
PYRRHICS,8
PYTHONESS,9
PZAZZ,5
QUIZZED,7
QUIZZER,7
QUIZZERS,8
QUIZZES,7
QUIZZICAL,9
QUIZZING,8
QUOKKA,6
QUOKKAS,7
RAFFISHLY,9
RALLYISTS,9
RAMPANTLY,9
RANKSHIFT,9
RANTINGLY,9
RASPBERRY,9
RASPINGLY/SPARINGLY,9
RAZZ,4
RAZZED,6
RAZZES,6
RAZZIA,6
RAZZIAS,7
RAZZING,7
RAZZLE,6
RAZZLES,7
RECYCLERS,9
RECYCLING,9
REDSHANKS,9
REDSHIRTS,9
REDSTARTS,9
RELIQUIAE,9
RESCRIPTS,9
RESTFULLY,9
RESTRICTS,9
RESTRINGS/RINGSTERS/STRINGERS,9
RESTYLING,9
RETRONYMS,9
RHYMELESS,9
RHYMESTER,9
RHYMISTS,8
RHYTHMIC,8
RHYTHMS,7
RICKRACK,8
RICKSHAWS,9
RIGHTISTS,9
RIGHTLESS,9
RIGHTMOST,9
RIGHTNESS,9
RIGHTWARD,9
RINGBACKS,9
RINGBARKS,9
RINGBOLTS,9
RINGINGLY,9
RINGNECKS,9
RINGWORKS,9
RIPPINGLY,9
ROCKBURST,9
ROCKFALLS,9
ROCKFOWLS,9
ROCKLINGS,9
ROLLBACKS,9
ROSTRALLY,9
ROWDYISMS,9
ROYALLY,7
ROYALTY,7
ROZZER,6
ROZZERS,7
RUCKSACK,8
RUCKSACKS,9
RUMBLINGS,9
RUSHINGLY,9
RUSHLIGHT,9
SACKCLOTH,9
SALTWORTS,9
SAMPLINGS,9
SANDBANKS,9
SANDBLAST,9
SANDGLASS,9
SANDHILLS,9
SANDSPITS,9
SANDSTORM,9
SANDWORTS,9
SAYYID,6
SAYYIDS,7
SCABBARDS,9
SCABLANDS,9
SCAFFOLDS,9
SCALDFISH,9
SCALLYWAG,9
SCALPLESS,9
SCAMSTERS,9
SCANTLING,9
SCANTNESS,9
SCATTINGS,9
SCENTLESS,9
SCHILLING,9
SCHIMMELS,9
SCHIZONTS,9
SCHLENTER,9
SCHLEPPED,9
SCHLEPPER,9
SCHLEPPS,8
SCHLOCKY,8
SCHLONGS,8
SCHLOSSES,9
SCHLUBBY,8
SCHLUMPS,8
SCHLUMPY,8
SCHMALTZ,8
SCHMALTZY,9
SCHMANCY,8
SCHMATTES,9
SCHMECKER,9
SCHMICKER,9
SCHMUCKS,8
SCHMUTTER,9
SCHNAPPS,8
SCHNITZEL,9
SCHNORRER,9
SCHNOZZ,7
SCHNOZZES,9
SCHOLARLY,9
SCHTICKS,8
SCHTUMMED,9
SCHTUPPED,9
SCHUSSING,9
SCHVITZED,9
SCHVITZES,9
SCOFFLAWS,9
SCOLDINGS,9
SCORCHERS,9
SCORCHING,9
SCOTCHING,9
SCRABBING,9
SCRABBLED,9
SCRABBLER,9
SCRABBLES,9
SCRAGGILY,9
SCRAGGING,9
SCRAGGLY,8
SCRAMBLED,9
SCRAMBLER,9
SCRAMBLES,9
SCRAMJETS,9
SCRAMMING,9
SCRAPINGS,9
SCRAPPERS,9
SCRAPPILY,9
SCRAPPING,9
SCRAPYARD,9
SCRATCHED,9
SCRATCHER,9
SCRATCHES,9
SCRATCHY,8
SCRAWLERS,9
SCRAWLING,9
SCREWBALL,9
SCRIBBLED,9
SCRIBBLER,9
SCRIBBLES,9
SCRIBBLY,8
SCRIMPING,9
SCRIMSHAW,9
SCRINGING,9
SCRIPTING,9
SCRITCHED,9
SCRITCHES,9
SCROLLERS,9
SCROLLING,9
SCRUBBERS,9
SCRUBBING,9
SCRUBFOWL,9
SCRUBLAND,9
SCRUFFILY,9
SCRUFFING,9
SCRUMMING,9
SCRUMPING,9
SCRUMPLED,9
SCRUMPLES,9
SCRUNCHED,9
SCRUNCHES,9
SCRUNCHY,8
SCRUPLING,9
SCRYINGS,8
SCUFFLING,9
SCULLCAPS,9
SCULPTING,9
SCULPTORS,9
SCUMBLING,9
SCURRYING,9
SCUTCHERS,9
SCUTCHING,9
SCUTTLING,9
SCUZZ,5
SCUZZBAG,8
SCUZZBAGS,9
SCUZZBALL,9
SCUZZIER,8
SCUZZIEST,9
SCUZZY,6
SCYTHING,8
SELFISHLY,9
SELLDOWNS,9
SENNIGHTS,9
SEVENTHLY,9
SEXLESSLY,9
SHABBYISH,9
SHABRACKS,9
SHACKLAND,9
SHACKLING,9
SHADBLOWS,9
SHADCHANS,9
SHADDOCKS,9
SHADKHANS,9
SHAFTINGS,9
SHAHADAH,8
SHAHADAHS,9
SHAHTOOSH,9
SHAKSHUKA,9
SHALLOWLY,9
SHAMBLING,9
SHAMROCKS,9
SHANTYMAN,9
SHANTYMEN,9
SHARKSKIN,9
SHARPNESS,9
SHASHLIKS,9
SHAYKHDOM,9
SHEDHANDS,9
SHELDUCKS,9
SHELLACKS,9
SHELLBACK,9
SHELLFISH,9
SHELLWORK,9
SHEMOZZLE,9
SHEPHERDS,9
SHIFTLESS,9
SHIKKER,7
SHIKKERED,9
SHIKKERS,8
SHILLINGS,9
SHIMMYING,9
SHINGLING,9
SHININGLY,9
SHINNYING,9
SHIPMENTS,9
SHIPWORMS,9
SHIPWRECK,9
SHIPYARDS,9
SHIRTINGS,9
SHIRTLESS,9
SHITLISTS,9
SHITPOSTS,9
SHITSHOWS,9
SHITSTORM,9
SHIZZLE,7
SHIZZLES,8
SHLEPPERS,9
SHLEPPING,9
SHNORRERS,9
SHOGGLING,9
SHOPFRONT,9
SHOPLIFTS,9
SHORTCUTS,9
SHORTFALL,9
SHORTHAND,9
SHORTHOLD,9
SHORTHORN,9
SHORTLIST,9
SHORTNESS,9
SHORTSTOP,9
SHOTTISTS,9
SHOWBANDS,9
SHOWBIZZY,9
SHOWCARDS,9
SHOWDOWNS,9
SHOWGIRLS,9
SHOWJUMPS,9
SHREDDERS,9
SHREDDING,9
SHREWDEST,9
SHREWDLY,8
SHRILLEST,9
SHRILLING,9
SHRIMPERS,9
SHRIMPING,9
SHRINKERS,9
SHRINKING,9
SHRUBBERY,9
SHRUGGING,9
SHTETLACH,9
SHTUMMING,9
SHTUPPING,9
SHUFFLERS,9
SHUFFLING,9
SHUTDOWNS,9
SHUTTLERS/TRUTHLESS,9
SHUTTLING,9
SHVITZING,9
SHYLY,5
SHYSTERS,8
SIDEKICK,8
SIDEKICKS,9
SIGHTINGS,9
SIGHTLESS,9
SIGNPOSTS,9
SILKLIKE,8
SILKWORMS,9
SINGINGLY,9
SINLESSLY,9
SITZMARKS,9
SIXTYFOLD,9
SIZZLE,6
SIZZLED,7
SIZZLER,7
SIZZLERS,8
SIZZLES,7
SIZZLING,8
SIZZURP,7
SKANK,5
SKANKED,7
SKANKIER,8
SKANKIEST,9
SKANKING,8
SKANKINGS,9
SKANKS,6
SKANKY,6
SKATEPARK,9
SKEDONK,7
SKEDONKS,8
SKELLYING,9
SKERRICK,8
SKERRICKS,9
SKETCHERS,9
SKETCHILY,9
SKETCHING,9
SKEWBACK,8
SKEWBACKS,9
SKEWBALDS,9
SKILFULLY,9
SKILLINGS,9
SKIMMINGS,9
SKINFLINT,9
SKINFOLDS,9
SKINKS,6
SKINLIKE,8
SKINTIGHT,9
SKIPJACK,8
SKIPJACKS,9
SKIPPINGS,9
SKIRTINGS,9
SKITCHING,9
SKITTLING,9
SKIVVYING,9
SKOKIAAN,8
SKOKIAANS,9
SKOOKUM,7
SKOOKUMS,8
SKRONK,6
SKULK,5
SKULKED,7
SKULKER,7
SKULKERS,8
SKULKING,8
SKULKS,6
SKULLCAPS,9
SKUNK,5
SKUNKED,7
SKUNKING,8
SKUNKS,6
SKUNKWEED,9
SKUNKY,6
SKYBRIDGE,9
SKYDIVERS,9
SKYDIVING,9
SKYEY,5
SKYFLOWER,9
SKYHOOK,7
SKYHOOKS,8
SKYJACK,7
SKYJACKED,9
SKYJACKER,9
SKYJACKS,8
SKYLARK,7
SKYLARKED,9
SKYLARKS,8
SKYLIGHT,8
SKYLIGHTS,9
SKYROCKET,9
SKYSCAPES,9
SKYWALK,7
SKYWALKS,8
SKYWARDS,8
SKYWATCH,8
SKYWAY,6
SKYWAYS,7
SKYWRITER,9
SLACKNESS,9
SLAGGINGS,9
SLAMMINGS,9
SLAPJACKS,9
SLAPSTICK,9
SLATTERNS,9
SLAVISHLY,9
SLENDERLY,9
SLICKNESS,9
SLIGHTEST,9
SLIGHTING,9
SLIGHTISH,9
SLIGHTLY,8
SLINGBACK,9
SLINGSHOT,9
SLOTBACKS,9
SLOWDOWNS,9
SLUGFESTS,9
SLUGGARDS,9
SLUMLORDS,9
SLUMMOCKS,9
SLYLY,5
SLYNESSES,9
SMACKDOWN,9
SMALLNESS,9
SMARTNESS,9
SMILINGLY,9
SMIRCHING,9
SMUGGLERS,9
SMUGGLING,9
SNAFFLING,9
SNAGGLING,9
SNAKESKIN,9
SNAPBACKS,9
SNAPSHOTS,9
SNATCHERS,9
SNATCHING/STANCHING,9
SNAVVLING,9
SNAZZIER,8
SNAZZIEST,9
SNAZZILY,8
SNAZZY,6
SNIFFLERS,9
SNIFFLING,9
SNIGGLING,9
SNITCHING,9
SNOWBALLS,9
SNOWBELLS,9
SNOWBERRY,9
SNOWBIRDS,9
SNOWBLINK,9
SNOWCOCKS,9
SNOWDRIFT,9
SNOWDROPS,9
SNOWFALLS,9
SNOWPACKS,9
SNOWSTORM,9
SNUFFLERS,9
SNUFFLING,9
SNUGGLING,9
SOBBINGLY,9
SOFTBACKS,9
SOFTBALLS,9
SOFTSHELL,9
SONGBIRDS,9
SONGCRAFT,9
SONGSMITH,9
SONGSTERS,9
SOPHISTRY,9
SOZZLED,7
SPACKLING,9
SPAGYRICS,9
SPANDRELS,9
SPANGLING,9
SPANKINGS,9
SPANSPEKS,9
SPARKLERS,9
SPARKLESS,9
SPARKLING,9
SPARLINGS,9
SPARTANLY,9
SPAZZ,5
SPAZZED,7
SPAZZES,7
SPAZZING,8
SPECKLESS,9
SPECKLING,9
SPECTRUMS,9
SPELLBIND,9
SPELLINGS,9
SPHINCTER,9
SPHINGIDS,9
SPILLWAYS,9
SPINDLING,9
SPINDRIFT,9
SPINSTERS,9
SPITBALLS,9
SPLASHING,9
SPLATTERS,9
SPLATTING,9
SPLENDENT,9
SPLINTERY,9
SPLINTING,9
SPLITTERS,9
SPLITTING,9
SPLITTISM,9
SPLITTIST,9
SPLODGING,9
SPLOTCHED,9
SPLOTCHES,9
SPLOTCHY,8
SPLURGING,9
SPLURTING,9
SPLUTTERS,9
SPOROCYST,9
SPORTSMAN,9
SPORTSMEN,9
SPORTSTER,9
SPORTWASH,9
SPOTLAMPS,9
SPOTLIGHT,9
SPRADDLED,9
SPRADDLES,9
SPRATTING,9
SPRAWLING,9
SPRAYDECK,9
SPRIGGING,9
SPRIGHTLY/TRIGLYPHS,9
SPRINGBOK,9
SPRINGERS,9
SPRINGILY,9
SPRINGING,9
SPRINGLET,9
SPRINKLED,9
SPRINKLER,9
SPRINKLES,9
SPRINTERS,9
SPRITZERS,9
SPRITZING,9
SPROCKETS,9
SPROGGING,9
SPROSSERS,9
SPRYLY,6
SPRYNESS,8
SPURFOWLS,9
SPYGLASS,8
SPYMASTER,9
SQUIZZED,8
SQUIZZES,8
SQUIZZING,9
STABBINGS,9
STACKYARD,9
STAGNANCY,9
STALKLESS,9
STALKLIKE,9
STALWARTS,9
STANCHEST,9
STANCHLY,8
STANDARDS,9
STANDBYS,8
STANDINGS,9
STARBURST,9
STARCHERS,9
STARCHILY,9
STARCHING,9
STARKNESS,9
STARLIGHT,9
STARLINGS,9
STARSHIPS,9
STARTLERS,9
STARTLING,9
STARWORTS,9
STATOCYST,9
STAUNCHLY,9
STENOTYPY,9
STEPCHILD,9
STEPWELLS,9
STERNMOST,9
STERNNESS,9
STERNPOST,9
STERNWARD,9
STEWARDRY,9
STEWARTRY,9
STICKLERS/STRICKLES,9
STICKLIKE,9
STICKPINS,9
STIFFNESS,9
STILLBORN,9
STILLNESS,9
STILTEDLY,9
STINGLESS,9
STINGRAYS,9
STINKARDS,9
STINKHORN,9
STINKPOTS,9
STIPPLERS,9
STIPPLING,9
STIRRINGS,9
STITCHERS,9
STITCHERY,9
STITCHING,9
STOCKFISH,9
STOCKINGS,9
STOCKISTS,9
STOCKLESS,9
STOCKLIST,9
STOCKPOTS,9
STOCKTAKE,9
STOCKTOOK,9
STOCKYARD,9
STOPBANDS,9
STOPBANKS,9
STOPCOCKS,9
STOPPINGS,9
STOPPLING,9
STOPWATCH,9
STOPWORDS,9
STORMCOCK,9
STRADDLED,9
STRADDLER,9
STRADDLES,9
STRAGGLED,9
STRAGGLER,9
STRAGGLES,9
STRAGGLY,8
STRAIGHTS,9
STRANDING,9
STRANGELY,9
STRANGERS,9
STRANGEST,9
STRANGLED,9
STRANGLER,9
STRANGLES,9
STRANGURY,9
STRAPLESS,9
STRAPPERS,9
STRAPPING/TRAPPINGS,9
STRAPWORK,9
STRENGTH,8
STRENGTHS,9
STRESSFUL,9
STRESSING,9
STRESSORS,9
STRETCHED,9
STRETCHER,9
STRETCHES,9
STRETCHY,8
STRICTEST,9
STRICTLY,8
STRIDENCY,9
STRIMMERS,9
STRIMMING/TRIMMINGS,9
STRINGENT,9
STRINGILY,9
STRINGING,9
STRIPLING,9
STRIPPERS,9
STRIPPING,9
STROLLERS,9
STROLLING,9
STRONGBOX,9
STRONGEST,9
STRONGISH,9
STRONGLY,8
STRONGMAN,9
STRONGMEN,9
STRONGYLE,9
STROPPILY,9
STROPPING,9
STRUGGLED,9
STRUGGLER,9
STRUGGLES,9
STRUMMERS,9
STRUMMING,9
STRUMPETS,9
STRUTTERS,9
STRUTTING,9
STRYCHNIC,9
STUFFINGS,9
STUMBLERS,9
STUMBLING,9
STYLELESS,9
STYLINGS,8
STYLISHLY,9
STYLISING,9
STYLISTIC,9
STYLISTS,8
STYLIZING,9
STYLOPIDS,9
STYPTICS,8
SUBJUNCTS,9
SUBPHYLUM,9
SUBSCRIPT,9
SUBSHRUBS,9
SUBSTORMS,9
SUBSYSTEM,9
SUBTRACTS,9
SUCKLINGS,9
SUKIYAKI,8
SUKIYAKIS,9
SUKKAH,6
SUKKAHS,7
SULPHONYL,9
SUNBLINDS,9
SUNBURSTS,9
SUPPLANTS,9
SUPPLYING,9
SURFBIRDS,9
SURFPERCH,9
SWADDLING,9
SWAMPHENS,9
SWAMPLAND,9
SWANKPOTS,9
SWANSDOWN,9
SWANSONGS,9
SWARTHILY,9
SWATCHING,9
SWELLINGS,9
SWIFTLETS,9
SWIFTNESS,9
SWINDLERS,9
SWINDLING,9
SWINGBINS,9
SWINGBYS,8
SWINGLING,9
SWINISHLY,9
SWITCHELS,9
SWITCHERS,9
SWITCHING,9
SWITCHMAN,9
SWITCHMEN,9
SWIZZ,5
SWIZZES,7
SWIZZLE,7
SWIZZLED,8
SWIZZLES,8
SWIZZLING,9
SWORDBILL,9
SWORDFISH,9
SWORDPLAY,9
SWORDSMAN,9
SWORDSMEN,9
SYCOPHANT,9
SYLLABARY,9
SYLLABICS,9
SYLLABIFY,9
SYLLABLED,9
SYLLABLES,9
SYLLABUBS,9
SYLLEPSES,9
SYLLEPSIS,9
SYLLEPTIC,9
SYLLOGISM,9
SYLPHLIKE,9
SYMBIONTS,9
SYMBOLISM,9
SYMBOLIST,9
SYMBOLLED,9
SYMBOLOGY,9
SYMMETRIC,9
SYMMETRY,8
SYMPATHY,8
SYMPATRIC,9
SYMPATRY,8
SYMPETALY,9
SYMPHONIC,9
SYMPHYLAN,9
SYMPHYSES,9
SYMPHYSIS,9
SYMPLASM,8
SYMPLASMS,9
SYMPLAST,8
SYMPLASTS,9
SYMPTOMS,8
SYNAPSIDS,9
SYNARCHIC,9
SYNARCHY,8
SYNASTRY,8
SYNCHING,8
SYNCHRONY,9
SYNCLINAL,9
SYNCLINES,9
SYNCRETIC,9
SYNCYTIA,8
SYNCYTIAL,9
SYNCYTIUM,9
SYNDACTYL,9
SYNDEMICS,9
SYNDROMES,9
SYNDROMIC,9
SYNECTICS,9
SYNERGISM,9
SYNERGIST,9
SYNERGY,7
SYNGAMY,7
SYNONYM,7
SYNONYMIC,9
SYNONYMS,8
SYNONYMY,8
SYNOPTIST,9
SYNSACRAL,9
SYNSACRUM,9
SYNTACTIC,9
SYNTAGMAS,9
SYNTENY,7
SYNTHASES,9
SYNTHESES,9
SYNTHESIS,9
SYNTHETIC,9
SYNTHONS,8
SYNTHY,6
SYNTYPE,7
SYNTYPES,8
SYPHONING,9
SYRINGING,9
SYRPHIDS,8
SYRUPY,6
SYSADMINS,9
SYZYGIES,8
SYZYGY,6
TACTFULLY,9
TAKKIE,6
TAKKIES,7
TAKOYAKI,8
TALKBACK,8
TALKBACKS,9
TALKFESTS,9
TANTRISMS/TRANSMITS,9
TANTRISTS,9
TAUTONYMY,9
TAYBERRY,8
TAZZA,5
TAZZAS,6
TCHOTCHKE,9
TEKKE,5
TEKKES,6
TEKOTEKO,8
TEKOTEKOS,9
TELLINGLY,9
TEMPTRESS,9
TEOKBOKKI,9
TERRAZZO,8
TETRARCHS,9
TETRARCHY,9
THANKLESS,9
THATCHERS,9
THATCHING,9
THERMALLY,9
THICKNESS,9
THINGUMMY,9
THINKINGS,9
THINNINGS,9
THIRSTFUL,9
THIRSTILY,9
THIRSTING,9
THORNBACK,9
THORNBILL,9
THORNLESS,9
THORNVELD,9
THRALLDOM,9
THRANGEST,9
THRAPPLES,9
THRASHERS,9
THRASHING,9
THRAWNEST,9
THRESHERS,9
THRESHING,9
THRESHOLD,9
THRIFTILY,9
THRILLERS,9
THRILLING,9
THROBBING,9
THRONGING,9
THROSTLES,9
THROTTLED,9
THROTTLER,9
THROTTLES,9
THROWBACK,9
THROWSTER,9
THRUMMERS,9
THRUMMING,9
THRUSTERS,9
THRUSTING,9
THRUTCHED,9
THRUTCHES,9
THUGGISMS,9
THUMBLESS,9
THUMBLING,9
THUMBTACK,9
THWACKING,9
THWARTING,9
THYMOCYTE,9
THYMY,5
THYRISTOR,9
TIGHTNESS,9
TIGHTWADS,9
TIKKA,5
TIKKAS,6
TINSMITHS,9
TIPSTAFFS,9
TIZZ,4
TIZZES,6
TIZZIES,7
TIZZY,5
TOKAMAK,7
TOKAMAKS,8
TOKKIN,6
TOKKINS,7
TOKOTOKO,8
TOPONYMY,8
TOPSTITCH,9
TOWNLANDS,9
TOWNSFOLK,9
TOWNSHIPS,9
TOWNWARDS,9
TRACHYTIC,9
TRACKBALL,9
TRACKBEDS,9
TRACKLESS,9
TRACKLIST,9
TRACKPADS,9
TRACKWAYS,9
TRACKWORK,9
TRACTABLY,9
TRAFFICKY,9
TRAMPLERS,9
TRAMPLING,9
TRANCEDLY,9
TRANSACTS,9
TRANSCEND,9
TRANSECTS,9
TRANSEPTS,9
TRANSFECT,9
TRANSFERS,9
TRANSFORM,9
TRANSHIPS,9
TRANSNESS,9
TRANSPORT,9
TRAWLINGS,9
TREGGINGS,9
TREKKED,7
TREKKER,7
TREKKERS,8
TREKKING,8
TREMBLERS,9
TREMBLING,9
TREMBLORS,9
TRENCHANT,9
TRENCHERS,9
TRENCHING,9
TRIBRACHS,9
TRICKLING,9
TRICKSILY,9
TRICKSTER,9
TRICYCLED,9
TRICYCLES,9
TRICYCLIC,9
TRIDACTYL,9
TRIGLYPH,8
TRIGRAPHS,9
TRIHYDRIC,9
TRINKETRY,9
TRIPPLING,9
TRIPTYCH,8
TRIPTYCHS,9
TRUCKLERS,9
TRUCKLING,9
TRUFFLING,9
TRUNDLERS,9
TRUNDLING,9
TRUNKFISH,9
TRUNKFULS,9
TRUNKLESS,9
TRUNKLIKE,9
TRYINGLY,8
TRYSTERS,8
TRYSTING,8
TUKUTUKU,8
TURNBACKS,9
TURNCOCKS,9
TURNSPITS,9
TWADDLERS,9
TWADDLING,9
TWATTLING,9
TWELFTHLY,9
TWELFTHS,8
TWIDDLERS,9
TWIDDLING,9
TWILIGHTS,9
TWINKLERS,9
TWINKLING,9
TWINSPOTS,9
TWITCHELS,9
TWITCHERS,9
TWITCHING,9
TWIZZLE,7
TWIZZLED,8
TWIZZLES,8
TWIZZLING,9
TYMPANIST,9
TYMPANUMS,9
TYMPANY,7
TYPECASTS,9
TYPHLITIC,9
TYPHLITIS,9
TYPICALLY,9
TYPIFY,6
TYPIFYING,9
TYPOLOGY,8
TYRANNY,7
TZATZIKI,8
TZATZIKIS,9
UNDYINGLY,9
UNKEMPTLY,9
UNKINK,6
UNKINKED,8
UNKINKING,9
UNKINKS,7
UNMUZZLE,8
UNMUZZLED,9
UNMUZZLES,9
UNROYALLY,9
UNSIGHTLY,9
UNSTRINGS,9
UNSTYLISH,9
UNTHRIFTY,9
UNVAXXED,8
UNWORLDLY,9
UPCYCLING,9
UPGROWTHS,9
UPRIGHTLY,9
UPTHRUSTS,9
VAGRANTLY,9
VAJAYJAY,8
VAJAYJAYS,9
VAJAZZLE,8
VAJAZZLED,9
VAJAZZLES,9
VAMPISHLY,9
VARYINGLY,9
VASBYTING,9
VAXXED,6
VAXXER,6
VAXXERS,7
VAXXING,7
VENTRALLY,9
VERDANTLY,9
VERKLEMPT,9
VERKRAMPS,9
VESTMENTS,9
VESTRYMAN,9
VESTRYMEN,9
VETCHLING,9
VETKOEK,7
VETKOEKE,8
VETKOEKS,8
VIBRANTLY,9
WAGGISHLY,9
WAHHH,5
WALDRAPPS,9
WALLCHART,9
WALLYBALL,9
WARDSHIPS,9
WARNINGLY,9
WASHBOWLS,9
WASHCLOTH,9
WASHDOWNS,9
WASHSTAND,9
WASPISHLY,9
WATCHDOGS,9
WATCHWORD,9
WAYLAY,6
WAYLAYER,8
WAYLAYERS,9
WAYLAYING,9
WAYLAYS,7
WAYWARDLY,9
WAZZ,4
WAZZED,6
WAZZES,6
WAZZING,7
WAZZOCK,7
WAZZOCKS,8
WESTWARDS,9
WHERRYMAN,9
WHERRYMEN,9
WHIFFLING,9
WHIMBRELS,9
WHINCHATS,9
WHININGLY,9
WHINNYING,9
WHIPBIRDS,9
WHIPPINGS,9
WHIPSTOCK,9
WHIPWORMS,9
WHIRLWIND,9
WHISTLERS,9
WHISTLING,9
WHITTLERS,9
WHITTLING,9
WHIZZ,5
WHIZZED,7
WHIZZES,7
WHIZZIER,8
WHIZZIEST,9
WHIZZING,8
WHIZZO,6
WHIZZY,6
WHORISHLY,9
WIDTHWAYS,9
WILDCRAFT,9
WILDLANDS,9
WILDLINGS,9
WILLINGLY,9
WILLIWAW,8
WILLIWAWS,9
WIMPISHLY,9
WINCINGLY,9
WINDBLOWN,9
WINDBURNT,9
WINDCHEST,9
WINDFALLS,9
WINDGALLS,9
WINDMILLS,9
WINDSOCKS,9
WINDSTORM,9
WINDSURFS,9
WINDSWEPT,9
WINGDINGS,9
WINGSPANS,9
WINNINGLY,9
WISHFULLY,9
WISTFULLY,9
WITCHETTY,9
WITHDRAWN,9
WITHDRAWS,9
WITHHOLDS,9
WITHSTAND,9
WITLESSLY,9
WITTINGLY,9
WIZZES,6
WIZZO,5
WOLFBERRY,9
WOLFISHLY,9
WOLFSKINS,9
WORDSMITH,9
WORKALIKE,9
WORKBOOKS,9
WORKFLOWS,9
WORKSHOPS,9
WORKWEEK,8
WORKWEEKS,9
WORLDLING,9
WORRYGUTS,9
WORRYWART,9
WORTHLESS,9
WRANGLERS,9
WRANGLING,9
WRECKFISH,9
WRENCHING,9
WRESTLERS,9
WRESTLING,9
WRIGGLERS,9
WRIGGLING,9
WRINKLING,9
WRISTBAND,9
WRISTLETS,9
WRISTWORK,9
WRONGNESS,9
WRYBILLS,8
WRYLY,5
WRYMOUTHS,9
WRYNECKS,8
WRYNESSES,9
WYSIWYG,7
XENOCRYST,9
XEROX,5
XEROXED,7
XEROXES,7
XEROXING,8
XYLOGRAPH,9
YABBY,5
YACHTSMAN,9
YACHTSMEN,9
YAKKED,6
YAKKING,7
YAMPY,5
YANDY,5
YANDYING,8
YAPPY,5
YARDBIRDS,9
YARDSTICK,9
YAWNINGLY,9
YAWNY,5
YAY,3
YAYA,4
YAYAS,5
YEARLY,6
YEASAYER,8
YEASAYERS,9
YEASTILY,8
YEASTY,6
YECCHY,6
YECHY,5
YELLOWLY,8
YELLOWY,7
YEOMANLY,8
YEOMANRY,8
YESTERDAY,9
YNGLINGS,8
YOBBERY,7
YOBBISHLY,9
YOBBY,5
YOLKY,5
YONNY,5
YOTTABYTE,9
YUCKY,5
YUKKED,6
YUKKIER,7
YUKKIEST,8
YUKKING,7
YUKKY,5
YUMMY,5
YUPPIFY,7
YUPPY,5
YUPPYDOM,8
YUPPYDOMS,9
ZAKOUSKA,8
ZAKOUSKAS,9
ZAKOUSKI,8
ZAKUSKA,7
ZAKUSKAS,8
ZAKUSKI,7
ZARDOZI,7
ZARZUELA,8
ZARZUELAS,9
ZAZEN,5
ZESTFULLY,9
ZHUZH,5
ZHUZHED,7
ZHUZHES,7
ZHUZHIER,8
ZHUZHIEST,9
ZHUZHING,8
ZHUZHY,6
ZIGZAG,6
ZIGZAGGED,9
ZIGZAGS,7
ZIZITH,6
ZIZZ,4
ZIZZED,6
ZIZZES,6
ZIZZING,7
ZUGZWANG,8
ZYMOLOGY,8
ZYMURGY,7
ZZ,2
ZZS,3
ZZZ,3
ZZZS,4
ZZZZ,4
ZZZZS,5
